{
  "Config": {
    "dev": {
      "protocol": "https://"
    },
    "name": {
      "auth": "Authentication Manager",
      "user": "User Manager",
      "tenant": "Tenant Manager",
      "reg": "Tenant Registration Manager",
      "sys": "System Registration Manager",
      "product": "Product Manager",
      "order": "Order Manager"
    },
    "table": {
      "user": "User",
      "order": "Order",
      "product": "Product",
      "tenant": "Tenant"
    },
    "table1": {
      "clothme": "Clothme"
    },
    "userRole": {
      "systemAdmin": "SystemAdmin",
      "systemUser": "SystemUser",
      "tenantAdmin": "TenantAdmin",
      "tenantUser": "TenantUser"
    },
    "tier": {
      "system": "System Tier"
    },
    "log": {
      "level": "debug"
    },
    "cognitoUserPool": {},
    "identityPool": {}
  },
  "prod": {
    "protocol": "https://",
    "name": {
      "auth": "Authentication Manager",
      "user": "User Manager",
      "tenant": "Tenant Manager",
      "reg": "Tenant Registration Manager",
      "sys": "System Registration Manager",
      "product": "Product Manager",
      "order": "Order Manager"
    },
    "table": {
      "user": "User",
      "order": "Order",
      "product": "Product",
      "tenant": "Tenant"
    },
    "table1": {
      "clothme": "Clothme"
    },
    "userRole": {
      "systemAdmin": "SystemAdmin",
      "systemUser": "SystemUser",
      "tenantAdmin": "TenantAdmin",
      "tenantUser": "TenantUser"
    },
    "tier": {
      "system": "System Tier"
    },
    "log": {
      "level": "debug"
    },
    "cognitoUserPool": {},
    "identityPool": {}
  }
}
